user_played, instrument_name, velocity, pitch, start (s), end (s)
True,piano,80,40,0.0,0.3744519041666667
True,piano,80,52,0.0,0.3744519041666667
False,piano,80,83,0.394737,0.5191888041666667
False,piano,80,95,0.394737,0.5191888041666667
False,piano,80,81,0.657895,0.7823468041666667
False,piano,80,93,0.657895,0.7823468041666667
False,piano,80,79,1.184211,1.3086628041666666
False,piano,80,91,1.184211,1.3086628041666666
False,piano,80,78,1.447369,1.5718208041666666
False,piano,80,90,1.447369,1.5718208041666666
True,piano,80,64,1.578948,1.7033998041666667
False,piano,80,79,1.973685,2.098136804166667
False,piano,80,91,1.973685,2.098136804166667
True,piano,80,59,1.973685,2.098136804166667
False,piano,80,78,2.236843,2.3612948041666666
False,piano,80,90,2.236843,2.3612948041666666
False,piano,80,79,2.368422,2.4928738041666665
False,piano,80,91,2.368422,2.4928738041666665
True,piano,80,60,2.368422,2.4928738041666665
False,piano,80,78,2.63158,2.7560318041666667
False,piano,80,90,2.63158,2.7560318041666667
True,piano,80,38,2.63158,3.1310319541666667
True,piano,80,45,2.63158,3.1310319541666667
True,piano,80,50,2.63158,3.1310319541666667
False,piano,80,76,2.763159,2.8876108041666666
False,piano,80,88,2.763159,2.8876108041666666
True,piano,80,40,3.157896,3.5323479041666666
True,piano,80,52,3.157896,3.5323479041666666
False,piano,80,83,3.552633,3.677084804166667
False,piano,80,95,3.552633,3.677084804166667
False,piano,80,81,3.815791,3.9402428041666666
False,piano,80,93,3.815791,3.9402428041666666
False,piano,80,79,4.342107,4.466558804166667
False,piano,80,91,4.342107,4.466558804166667
False,piano,80,78,4.605265,4.729716804166666
False,piano,80,90,4.605265,4.729716804166666
True,piano,80,64,4.736844,4.861295804166667
False,piano,80,79,5.131581,5.256032804166667
False,piano,80,91,5.131581,5.256032804166667
True,piano,80,59,5.131581,5.256032804166667
False,piano,80,78,5.394739,5.519190804166667
False,piano,80,90,5.394739,5.519190804166667
False,piano,80,79,5.526318,5.650769804166667
False,piano,80,91,5.526318,5.650769804166667
True,piano,80,60,5.526318,5.650769804166667
False,piano,80,78,5.789476,5.913927804166667
False,piano,80,90,5.789476,5.913927804166667
True,piano,80,38,5.789476,6.288927954166667
True,piano,80,45,5.789476,6.288927954166667
True,piano,80,50,5.789476,6.288927954166667
False,piano,80,76,5.921055,6.045506804166667
False,piano,80,88,5.921055,6.045506804166667
True,piano,80,40,6.315792,6.690243904166667
True,piano,80,52,6.315792,6.690243904166667
False,piano,80,83,6.710529,6.834980804166666
False,piano,80,95,6.710529,6.834980804166666
False,piano,80,81,6.973687,7.098138804166667
False,piano,80,93,6.973687,7.098138804166667
False,piano,80,79,7.500003,7.624454804166667
False,piano,80,91,7.500003,7.624454804166667
False,piano,80,78,7.763161,7.887612804166666
False,piano,80,90,7.763161,7.887612804166666
True,piano,80,64,7.89474,8.019191804166667
False,piano,80,79,8.289477,8.413928804166666
False,piano,80,91,8.289477,8.413928804166666
True,piano,80,59,8.289477,8.413928804166666
False,piano,80,78,8.552635,8.677086804166667
False,piano,80,90,8.552635,8.677086804166667
False,piano,80,79,8.684214,8.808665804166667
False,piano,80,91,8.684214,8.808665804166667
True,piano,80,60,8.684214,8.808665804166667
False,piano,80,78,8.947372,9.071823804166666
False,piano,80,90,8.947372,9.071823804166666
True,piano,80,38,8.947372,9.446823954166666
True,piano,80,45,8.947372,9.446823954166666
True,piano,80,50,8.947372,9.446823954166666
False,piano,80,76,9.078951,9.203402804166666
False,piano,80,88,9.078951,9.203402804166666
True,piano,80,40,9.473688,9.848139904166667
True,piano,80,52,9.473688,9.848139904166667
False,piano,80,83,9.868425,9.992876804166666
False,piano,80,95,9.868425,9.992876804166666
False,piano,80,81,10.131583000000001,10.256034804166667
False,piano,80,93,10.131583000000001,10.256034804166667
False,piano,80,79,10.657899,10.782350804166667
False,piano,80,91,10.657899,10.782350804166667
False,piano,80,78,10.921057,11.045508804166667
False,piano,80,90,10.921057,11.045508804166667
True,piano,80,64,11.052636,11.177087804166666
False,piano,80,79,11.447373,11.571824804166667
False,piano,80,91,11.447373,11.571824804166667
True,piano,80,59,11.447373,11.571824804166667
False,piano,80,78,11.710531,11.834982804166666
False,piano,80,90,11.710531,11.834982804166666
False,piano,80,79,11.84211,11.966561804166666
False,piano,80,91,11.84211,11.966561804166666
True,piano,80,60,11.84211,11.966561804166666
False,piano,80,78,12.105268,12.229719804166667
False,piano,80,90,12.105268,12.229719804166667
True,piano,80,38,12.105268,12.604719954166667
True,piano,80,45,12.105268,12.604719954166667
True,piano,80,50,12.105268,12.604719954166667
False,piano,80,76,12.236847000000001,12.361298804166667
False,piano,80,88,12.236847000000001,12.361298804166667
False,piano,80,71,12.631584,13.006035904166668
True,piano,80,40,12.631584,13.006035904166668
True,piano,80,47,12.631584,13.006035904166668
True,piano,80,52,12.631584,13.006035904166668
True,piano,80,40,13.289479,13.413930804166666
False,piano,80,67,13.421058,13.670509854166667
True,piano,80,47,13.421058,13.670509854166667
True,piano,80,52,13.421058,13.670509854166667
False,piano,80,69,13.684216,13.808667804166667
True,piano,80,40,13.815795,14.065246854166666
False,piano,80,69,14.210532,14.459983854166667
False,piano,80,69,14.47369,14.598141804166668
False,piano,80,67,14.605269,14.854720854166667
True,piano,80,40,14.605269,14.854720854166667
False,piano,80,69,14.868427,14.992878804166667
True,piano,80,52,15.000006,15.249457854166666
False,piano,80,67,15.263164,15.387615804166666
True,piano,80,38,15.263164,15.762615954166666
True,piano,80,45,15.263164,15.762615954166666
True,piano,80,50,15.263164,15.762615954166666
False,piano,80,69,15.394743,15.644194854166667
False,piano,80,67,15.657901,15.782352804166667
False,piano,80,69,15.78948,16.163931904166667
True,piano,80,40,15.78948,16.163931904166667
True,piano,80,47,15.78948,16.163931904166667
True,piano,80,52,15.78948,16.163931904166667
False,piano,80,69,16.184217,16.433668854166665
False,piano,80,67,16.447375,16.571826804166665
True,piano,80,40,16.447375,16.571826804166665
False,piano,80,69,16.578954,16.828405854166668
True,piano,80,47,16.578954,16.828405854166668
True,piano,80,52,16.578954,16.828405854166668
False,piano,80,71,16.842112,16.966563804166668
False,piano,80,67,16.973691,17.098142804166667
True,piano,80,40,16.973691,17.223142854166667
False,piano,80,66,17.236849,17.361300804166667
False,piano,80,64,17.368428,17.742879904166667
True,piano,80,40,17.763165,18.012616854166666
False,piano,80,62,18.157902,18.407353854166665
True,piano,80,52,18.157902,18.407353854166665
False,piano,80,64,18.42106,18.545511804166665
True,piano,80,38,18.42106,18.920511954166667
True,piano,80,45,18.42106,18.920511954166667
True,piano,80,50,18.42106,18.920511954166667
False,piano,80,71,18.552639,18.677090804166667
False,piano,80,71,18.684218,18.808669804166666
False,piano,80,71,18.815797,18.940248804166668
False,piano,80,76,18.947376,19.321827904166668
True,piano,80,40,18.947376,19.321827904166668
True,piano,80,47,18.947376,19.321827904166668
True,piano,80,52,18.947376,19.321827904166668
False,piano,80,71,19.342113,19.466564804166666
False,piano,80,71,19.473692,19.598143804166668
False,piano,80,71,19.605271,19.729722804166666
True,piano,80,40,19.605271,19.729722804166666
False,piano,80,64,19.73685,20.111301904166666
True,piano,80,47,19.73685,19.986301854166665
True,piano,80,52,19.73685,19.986301854166665
False,piano,80,71,20.131587,20.256038804166668
True,piano,80,40,20.131587,20.38103885416667
False,piano,80,71,20.263166000000002,20.387617804166666
False,piano,80,71,20.394745,20.51919680416667
False,piano,80,71,20.526324,20.650775804166667
False,piano,80,71,20.657903,20.782354804166665
False,piano,80,67,20.789482,20.913933804166668
False,piano,80,71,20.921061,21.045512804166666
True,piano,80,40,20.921061,21.170512854166667
False,piano,80,71,21.05264,21.17709180416667
False,piano,80,67,21.184219,21.308670804166667
False,piano,80,76,21.315798,21.440249804166665
True,piano,80,52,21.315798,21.565249854166666
True,piano,80,38,21.578956,22.078407954166668
True,piano,80,45,21.578956,22.078407954166668
True,piano,80,50,21.578956,22.078407954166668
False,piano,80,71,21.710535,21.834986804166668
False,piano,80,71,21.842114,21.966565804166667
False,piano,80,67,21.973693,22.098144804166665
False,piano,80,76,22.105272,22.479723904166665
True,piano,80,40,22.105272,22.479723904166665
True,piano,80,47,22.105272,22.479723904166665
True,piano,80,52,22.105272,22.479723904166665
False,piano,80,71,22.500009,22.624460804166667
False,piano,80,71,22.631588,22.756039804166665
False,piano,80,71,22.763167,22.887618804166667
True,piano,80,40,22.763167,22.887618804166667
False,piano,80,64,22.894746,23.019197804166666
True,piano,80,47,22.894746,23.144197854166666
True,piano,80,52,22.894746,23.144197854166666
False,piano,80,71,23.289483,23.413934804166665
True,piano,80,40,23.289483,23.538934854166666
False,piano,80,69,23.421062,23.545513804166667
False,piano,80,67,23.552641,23.677092804166666
False,piano,80,71,23.68422,23.808671804166668
False,piano,80,69,23.815799,23.940250804166666
False,piano,80,67,23.947378,24.07182980416667
False,piano,80,71,24.078957,24.203408804166667
True,piano,80,40,24.078957,24.328408854166668
False,piano,80,69,24.210536,24.334987804166666
False,piano,80,67,24.342115,24.466566804166668
False,piano,80,71,24.473694000000002,24.598145804166666
True,piano,80,52,24.473694000000002,24.723145854166667
False,piano,80,64,24.736852,24.861303804166667
True,piano,80,38,24.736852,25.236303954166665
True,piano,80,45,24.736852,25.236303954166665
True,piano,80,50,24.736852,25.236303954166665
False,piano,80,76,24.868431,25.117882854166666
False,piano,80,71,25.263168,25.512619854166665
True,piano,80,40,25.263168,25.637619904166666
True,piano,80,47,25.263168,25.637619904166666
True,piano,80,52,25.263168,25.637619904166666
False,piano,80,71,25.526326,25.650777804166665
False,piano,80,71,25.657905,25.907356854166668
False,piano,80,74,25.921063,26.045514804166668
True,piano,80,40,25.921063,26.045514804166668
False,piano,80,69,26.052642,26.302093854166667
True,piano,80,47,26.052642,26.302093854166667
True,piano,80,52,26.052642,26.302093854166667
False,piano,80,67,26.3158,26.690251904166665
True,piano,80,40,26.447379,26.696830854166667
False,piano,80,67,26.710537,26.834988804166667
False,piano,80,67,26.842116,27.091567854166666
False,piano,80,67,27.105274,27.229725804166666
False,piano,80,67,27.236853,27.486304854166665
True,piano,80,40,27.236853,27.486304854166665
False,piano,80,69,27.500011,27.999462954166667
True,piano,80,52,27.63159,27.881041854166668
True,piano,80,38,27.894748,28.394199954166666
True,piano,80,45,27.894748,28.394199954166666
True,piano,80,50,27.894748,28.394199954166666
False,piano,80,67,28.026327,28.275778854166667
False,piano,80,69,28.289485,28.413936804166667
False,piano,80,71,28.421064,28.670515854166666
True,piano,80,40,28.421064,28.795515904166667
True,piano,80,47,28.421064,28.795515904166667
True,piano,80,52,28.421064,28.795515904166667
False,piano,80,71,28.684222,28.808673804166666
False,piano,80,71,28.815801,29.065252854166665
False,piano,80,74,29.078959,29.203410804166666
True,piano,80,40,29.078959,29.203410804166666
False,piano,80,69,29.210538,29.45998985416667
True,piano,80,47,29.210538,29.45998985416667
True,piano,80,52,29.210538,29.45998985416667
False,piano,80,67,29.473696,29.59814780416667
True,piano,80,40,29.605275,29.854726854166667
False,piano,80,71,29.868433,29.992884804166668
False,piano,80,79,30.000012,30.249463854166667
False,piano,80,78,30.26317,30.387621804166667
False,piano,80,76,30.394749,30.644200854166666
True,piano,80,40,30.394749,30.644200854166666
False,piano,80,76,30.657907,31.157358954166668
True,piano,80,52,30.789486,31.038937854166665
True,piano,80,38,31.052644,31.552095954166667
True,piano,80,45,31.052644,31.552095954166667
True,piano,80,50,31.052644,31.552095954166667
False,piano,80,71,31.184223,31.308674804166667
False,piano,80,71,31.315802,31.440253804166666
False,piano,80,76,31.447381,31.946832954166666
True,piano,80,40,31.57896,31.953411904166668
True,piano,80,47,31.57896,31.953411904166668
True,piano,80,52,31.57896,31.953411904166668
False,piano,80,74,31.973697,32.09814880416667
False,piano,80,74,32.105276,32.229727804166664
False,piano,80,74,32.236855,32.36130680416667
True,piano,80,40,32.236855,32.36130680416667
False,piano,80,74,32.368434,32.49288580416667
True,piano,80,47,32.368434,32.617885854166666
True,piano,80,52,32.368434,32.617885854166666
False,piano,80,71,32.500013,32.624464804166664
False,piano,80,74,32.763171,32.88762280416667
True,piano,80,40,32.763171,33.012622854166665
False,piano,80,71,32.89475,33.14420185416667
False,piano,80,74,33.157908,33.28235980416667
False,piano,80,71,33.289487,33.41393880416667
False,piano,80,71,33.421066,33.545517804166664
False,piano,80,74,33.552645,33.677096804166666
True,piano,80,40,33.552645,33.80209685416666
False,piano,80,71,33.684224,33.80867580416667
False,piano,80,71,33.815803,33.94025480416666
False,piano,80,76,33.947382,34.071833804166666
True,piano,80,52,33.947382,34.19683385416667
True,piano,80,38,34.21054,34.70999195416667
True,piano,80,45,34.21054,34.70999195416667
True,piano,80,50,34.21054,34.70999195416667
False,piano,80,74,34.342119,34.466570804166665
False,piano,80,74,34.473698,34.723149854166664
False,piano,80,76,34.736856,34.98630785416667
True,piano,80,40,34.736856,35.111307904166665
True,piano,80,47,34.736856,35.111307904166665
True,piano,80,52,34.736856,35.111307904166665
False,piano,80,74,35.131593,35.25604480416667
False,piano,80,74,35.263172,35.387623804166665
False,piano,80,74,35.394751,35.51920280416667
False,piano,80,71,35.52633,35.65078180416667
False,piano,80,74,35.921067,36.04551880416667
False,piano,80,71,36.052646,36.177097804166664
False,piano,80,71,36.184225,36.308676804166666
False,piano,80,74,36.315804,36.44025580416667
True,piano,80,40,36.315804,36.565255854166665
True,piano,80,52,36.315804,36.565255854166665
False,piano,80,71,36.447383,36.57183480416667
False,piano,80,71,36.578962,36.703413804166665
False,piano,80,74,36.710541,36.83499280416667
True,piano,80,40,36.710541,36.959992854166664
True,piano,80,52,36.710541,36.959992854166664
False,piano,80,71,36.84212,36.96657180416667
False,piano,80,71,36.973699,37.098150804166664
False,piano,80,76,37.105278,37.229729804166666
True,piano,80,40,37.105278,37.35472985416666
True,piano,80,52,37.105278,37.35472985416666
False,piano,80,71,37.500015,37.624466804166666
True,piano,80,40,37.500015,37.74946685416667
True,piano,80,52,37.500015,37.74946685416667
False,piano,80,76,37.894752,38.269203904166666
True,piano,80,36,37.894752,39.206704279166665
True,piano,80,43,37.894752,39.206704279166665
True,piano,80,48,37.894752,39.206704279166665
False,piano,80,76,38.289489,38.47644082916667
False,piano,80,74,38.4868575,38.673809329166666
False,piano,80,76,38.684226,39.058677904166665
False,piano,80,76,39.078963,39.26591482916667
False,piano,80,74,39.2763315,39.463283329166664
True,piano,80,38,39.2763315,40.963283929166664
True,piano,80,45,39.2763315,40.963283929166664
True,piano,80,50,39.2763315,40.963283929166664
False,piano,80,76,39.4737,39.66065182916667
False,piano,80,79,39.6710685,40.23302047916667
False,piano,80,88,40.263174,40.450125829166666
False,piano,80,91,40.4605425,41.02249447916667
False,piano,80,76,41.052648,41.42709990416667
True,piano,80,40,41.052648,42.17710020416666
True,piano,80,47,41.052648,42.17710020416666
True,piano,80,52,41.052648,42.17710020416666
False,piano,80,76,41.447385,41.634336829166664
False,piano,80,74,41.6447535,41.83170532916667
False,piano,80,76,41.842122,42.216573904166665
False,piano,80,76,42.236859,42.42381082916667
True,piano,80,42,42.236859,42.42381082916667
True,piano,80,54,42.236859,42.42381082916667
False,piano,80,74,42.4342275,42.621179329166665
True,piano,80,43,42.4342275,43.37117962916667
True,piano,80,50,42.4342275,43.37117962916667
True,piano,80,55,42.4342275,43.37117962916667
False,piano,80,76,42.631596,42.81854782916667
False,piano,80,71,42.8289645,43.39091647916667
True,piano,80,35,43.42107,44.17052205416667
True,piano,80,47,43.42107,44.17052205416667
False,piano,80,76,44.210544,44.58499590416667
True,piano,80,48,44.210544,44.58499590416667
True,piano,80,52,44.210544,44.58499590416667
True,piano,80,55,44.210544,44.58499590416667
True,piano,80,60,44.210544,44.58499590416667
False,piano,80,76,44.605281,44.792232829166664
True,piano,80,52,44.605281,44.97973290416667
True,piano,80,55,44.605281,44.97973290416667
True,piano,80,60,44.605281,44.97973290416667
False,piano,80,74,44.8026495,44.98960132916667
False,piano,80,74,45.000018,45.374469904166666
True,piano,80,52,45.000018,45.374469904166666
True,piano,80,55,45.000018,45.374469904166666
True,piano,80,60,45.000018,45.374469904166666
False,piano,81,76,45.394755,45.58170682916667
True,piano,81,52,45.394755,45.769206904166666
True,piano,81,55,45.394755,45.769206904166666
True,piano,81,60,45.394755,45.769206904166666
False,piano,81,76,45.5921235,45.779075329166666
False,piano,81,83,45.789492,45.97644382916667
True,piano,81,50,45.789492,46.163943904166665
True,piano,81,54,45.789492,46.163943904166665
True,piano,81,57,45.789492,46.163943904166665
True,piano,81,62,45.789492,46.163943904166665
False,piano,81,81,45.9868605,46.92381262916667
True,piano,82,54,46.184229,46.558680904166664
True,piano,82,57,46.184229,46.558680904166664
True,piano,82,62,46.184229,46.558680904166664
True,piano,82,54,46.578966,46.95341790416666
True,piano,82,57,46.578966,46.95341790416666
True,piano,82,62,46.578966,46.95341790416666
True,piano,82,54,46.973703,47.34815490416667
True,piano,82,57,46.973703,47.34815490416667
True,piano,82,62,46.973703,47.34815490416667
False,piano,83,81,47.36844,47.555391829166666
True,piano,83,52,47.36844,47.74289190416667
True,piano,83,55,47.36844,47.74289190416667
True,piano,83,59,47.36844,47.74289190416667
True,piano,83,64,47.36844,47.74289190416667
False,piano,83,83,47.5658085,47.75276032916667
False,piano,83,81,47.763177,48.012628854166664
True,piano,83,55,47.763177,48.13762890416667
True,piano,83,59,47.763177,48.13762890416667
True,piano,83,64,47.763177,48.13762890416667
True,piano,84,55,48.157914,48.53236590416667
True,piano,84,59,48.157914,48.53236590416667
True,piano,84,64,48.157914,48.53236590416667
False,piano,84,81,48.552651,48.739602829166664
True,piano,84,55,48.552651,48.92710290416667
True,piano,84,59,48.552651,48.92710290416667
True,piano,84,64,48.552651,48.92710290416667
False,piano,84,83,48.7500195,48.93697132916667
False,piano,84,81,48.947388000000004,49.321839904166666
True,piano,84,55,48.947388000000004,49.321839904166666
True,piano,84,59,48.947388000000004,49.321839904166666
True,piano,84,64,48.947388000000004,49.321839904166666
True,piano,85,55,49.342125,49.716576904166665
True,piano,85,59,49.342125,49.716576904166665
True,piano,85,64,49.342125,49.716576904166665
False,piano,85,74,49.5394935,49.726445329166665
False,piano,85,76,49.736862,49.98631385416667
True,piano,85,55,49.736862,50.111313904166664
True,piano,85,59,49.736862,50.111313904166664
True,piano,85,64,49.736862,50.111313904166664
False,piano,85,76,50.00002,50.31197187916667
True,piano,86,55,50.131599,50.50605090416666
True,piano,86,59,50.131599,50.50605090416666
True,piano,86,64,50.131599,50.50605090416666
False,piano,86,79,50.3289675,50.515919329166664
False,piano,86,81,50.526336,50.90078790416667
True,piano,86,36,50.526336,50.90078790416667
True,piano,86,43,50.526336,50.90078790416667
True,piano,86,48,50.526336,50.90078790416667
True,piano,86,36,50.921073,51.29552490416667
True,piano,86,43,50.921073,51.29552490416667
True,piano,86,48,50.921073,51.29552490416667
False,piano,87,76,51.31581,51.565261854166664
True,piano,87,36,51.31581,51.69026190416667
True,piano,87,43,51.31581,51.69026190416667
True,piano,87,48,51.31581,51.69026190416667
False,piano,87,76,51.578968,51.89091987916667
True,piano,87,36,51.710547,52.08499890416667
True,piano,87,43,51.710547,52.08499890416667
True,piano,87,48,51.710547,52.08499890416667
False,piano,87,79,51.9079155,52.09486732916667
False,piano,88,83,52.105284,52.47973590416667
True,piano,88,38,52.105284,52.47973590416667
True,piano,88,45,52.105284,52.47973590416667
True,piano,88,50,52.105284,52.47973590416667
True,piano,88,38,52.500021,52.874472904166666
True,piano,88,45,52.500021,52.874472904166666
True,piano,88,50,52.500021,52.874472904166666
False,piano,88,76,52.894758,53.14420985416667
True,piano,88,38,52.894758,53.269209904166665
True,piano,88,45,52.894758,53.269209904166665
True,piano,88,50,52.894758,53.269209904166665
False,piano,89,76,53.157916,53.469867879166664
True,piano,89,38,53.289495,53.663946904166664
True,piano,89,45,53.289495,53.663946904166664
True,piano,89,50,53.289495,53.663946904166664
False,piano,89,79,53.4868635,53.673815329166665
False,piano,89,83,53.684232,53.93368385416667
True,piano,89,40,53.684232,54.058683904166664
True,piano,89,47,53.684232,54.058683904166664
True,piano,89,52,53.684232,54.058683904166664
False,piano,89,84,53.94739,54.25934187916667
True,piano,90,40,54.078969,54.45342090416667
True,piano,90,47,54.078969,54.45342090416667
True,piano,90,52,54.078969,54.45342090416667
False,piano,90,83,54.2763375,54.46328932916666
False,piano,90,81,54.473706,54.723157854166665
True,piano,90,40,54.473706,54.84815790416667
True,piano,90,47,54.473706,54.84815790416667
True,piano,90,52,54.473706,54.84815790416667
False,piano,90,81,54.736864,55.04881587916667
True,piano,90,42,54.868443,55.24289490416667
True,piano,90,54,54.868443,55.24289490416667
False,piano,91,79,55.0658115,55.25276332916667
False,piano,91,81,55.26318,55.51263185416666
True,piano,91,43,55.26318,55.63763190416667
True,piano,91,50,55.26318,55.63763190416667
True,piano,91,55,55.26318,55.63763190416667
False,piano,91,81,55.526338,55.838289879166666
True,piano,91,43,55.657917,56.03236890416667
True,piano,91,50,55.657917,56.03236890416667
True,piano,91,55,55.657917,56.03236890416667
False,piano,91,79,55.8552855,56.04223732916667
False,piano,92,81,56.052654,56.30210585416667
True,piano,92,35,56.052654,56.427105904166666
True,piano,92,47,56.052654,56.427105904166666
False,piano,92,83,56.315812,56.627763879166665
True,piano,92,35,56.447391,56.821842904166665
True,piano,92,47,56.447391,56.821842904166665
False,piano,92,76,56.6447595,57.58171162916667
True,piano,92,36,56.842128,57.216579904166665
True,piano,92,43,56.842128,57.216579904166665
True,piano,92,48,56.842128,57.216579904166665
True,piano,93,36,57.236865,57.611316904166664
True,piano,93,43,57.236865,57.611316904166664
True,piano,93,48,57.236865,57.611316904166664
True,piano,93,36,57.631602,58.00605390416667
True,piano,93,43,57.631602,58.00605390416667
True,piano,93,48,57.631602,58.00605390416667
True,piano,94,36,58.026339,58.40079090416667
True,piano,94,43,58.026339,58.40079090416667
True,piano,94,48,58.026339,58.40079090416667
False,piano,94,67,58.421076,58.670527854166664
False,piano,94,76,58.421076,58.670527854166664
True,piano,94,38,58.421076,58.79552790416667
True,piano,94,45,58.421076,58.79552790416667
True,piano,94,50,58.421076,58.79552790416667
False,piano,94,67,58.815813,59.065264854166664
False,piano,94,76,58.815813,59.065264854166664
True,piano,94,38,58.815813,59.19026490416667
True,piano,94,45,58.815813,59.19026490416667
True,piano,94,50,58.815813,59.19026490416667
False,piano,95,67,59.21055,59.46000185416667
False,piano,95,76,59.21055,59.46000185416667
True,piano,95,38,59.21055,59.58500190416667
True,piano,95,45,59.21055,59.58500190416667
True,piano,95,50,59.21055,59.58500190416667
False,piano,95,67,59.605287,59.85473885416667
False,piano,95,76,59.605287,59.85473885416667
True,piano,95,38,59.605287,59.979738904166666
True,piano,95,45,59.605287,59.979738904166666
True,piano,95,50,59.605287,59.979738904166666
False,piano,96,76,60.000024,60.374475904166665
True,piano,96,40,60.000024,60.374475904166665
False,piano,96,71,60.394761,60.769212904166665
True,piano,96,35,60.394761,60.769212904166665
False,piano,96,72,60.789498,61.163949904166664
True,piano,96,36,60.789498,61.163949904166664
False,piano,96,71,61.184235,61.55868690416667
True,piano,96,35,61.184235,61.55868690416667
False,piano,96,69,61.578972,61.828423854166665
True,piano,96,33,61.578972,61.828423854166665
False,piano,96,71,61.84213,61.966581804166665
True,piano,96,35,61.84213,61.966581804166665
False,piano,96,69,61.973709,62.223160854166665
True,piano,96,33,61.973709,62.223160854166665
False,piano,96,67,62.236867000000004,62.361318804166665
True,piano,96,31,62.236867000000004,62.361318804166665
False,piano,96,64,62.368446,63.117898054166666
True,piano,96,28,62.368446,63.117898054166666
True,piano,96,28,63.15792,63.78237200416667
True,piano,96,40,63.15792,63.78237200416667
False,piano,96,71,63.552657,63.80210885416667
False,piano,96,69,63.815815,63.94026680416667
True,piano,96,40,63.815815,63.94026680416667
True,piano,96,47,63.947394,64.19684585416667
True,piano,96,52,63.947394,64.19684585416667
False,piano,96,67,64.342131,64.59158285416666
True,piano,96,40,64.342131,64.71658290416667
False,piano,96,66,64.605289,64.72974080416667
False,piano,96,67,65.131605,65.38105685416667
True,piano,96,40,65.131605,65.50605690416667
False,piano,96,66,65.394763,65.51921480416667
False,piano,96,67,65.526342,65.77579385416666
True,piano,96,47,65.526342,65.77579385416666
True,piano,96,52,65.526342,65.77579385416666
False,piano,96,66,65.7895,65.91395180416667
False,piano,96,64,65.921079,66.29553090416667
True,piano,96,28,66.315816,66.94026800416667
True,piano,96,40,66.315816,66.94026800416667
False,piano,96,71,66.710553,66.96000485416667
False,piano,96,69,66.973711,67.09816280416666
True,piano,96,40,66.973711,67.09816280416666
True,piano,96,47,67.10529,67.35474185416666
True,piano,96,52,67.10529,67.35474185416666
False,piano,96,67,67.500027,67.74947885416667
True,piano,96,40,67.500027,67.87447890416666
False,piano,96,66,67.76318500000001,67.88763680416666
False,piano,96,67,68.289501,68.53895285416667
True,piano,96,40,68.289501,68.66395290416666
False,piano,96,66,68.552659,68.67711080416667
False,piano,96,67,68.684238,68.93368985416667
True,piano,96,47,68.684238,68.93368985416667
True,piano,96,52,68.684238,68.93368985416667
False,piano,96,69,68.947396,69.07184780416667
False,piano,96,71,69.078975,69.45342690416666
True,piano,96,40,69.078975,69.45342690416666
True,piano,96,28,69.473712,70.09816400416666
True,piano,96,40,69.473712,70.09816400416666
False,piano,96,71,69.868449,70.11790085416666
False,piano,96,69,70.131607,70.25605880416667
True,piano,96,40,70.131607,70.25605880416667
True,piano,96,47,70.263186,70.51263785416667
True,piano,96,52,70.263186,70.51263785416667
False,piano,96,67,70.657923,70.90737485416666
True,piano,96,40,70.657923,71.03237490416667
False,piano,96,66,70.921081,71.04553280416667
False,piano,96,67,71.447397,71.69684885416666
True,piano,96,40,71.447397,71.82184890416667
False,piano,96,66,71.710555,71.83500680416667
False,piano,96,67,71.842134,72.09158585416667
True,piano,96,47,71.842134,72.09158585416667
True,piano,96,52,71.842134,72.09158585416667
False,piano,96,66,72.105292,72.22974380416667
False,piano,96,64,72.236871,72.61132290416667
False,piano,96,76,72.631608,73.00605990416666
True,piano,96,28,72.631608,73.00605990416666
False,piano,96,71,73.026345,73.40079690416667
True,piano,96,31,73.026345,73.40079690416667
False,piano,96,72,73.421082,73.79553390416666
True,piano,96,33,73.421082,73.79553390416666
False,piano,96,71,73.815819,74.19027090416667
True,piano,96,35,73.815819,74.19027090416667
False,piano,96,69,74.210556,74.46000785416666
True,piano,96,33,74.210556,74.58500790416667
False,piano,96,71,74.473714,74.59816580416667
False,piano,96,69,74.605293,74.85474485416667
True,piano,96,31,74.605293,74.97974490416667
False,piano,96,67,74.868451,74.99290280416666
False,piano,96,64,75.00003,75.74948205416666
True,piano,96,30,75.00003,75.37448190416667
True,piano,96,26,75.394767,75.76921890416666
True,piano,96,28,75.789504,76.41395600416666
True,piano,96,40,75.789504,76.41395600416666
False,piano,96,71,76.184241,76.55869290416666
True,piano,96,40,76.447399,76.57185080416667
False,piano,96,69,76.578978,76.95342990416667
True,piano,96,47,76.578978,76.82842985416667
True,piano,96,52,76.578978,76.82842985416667
True,piano,96,40,76.973715,77.34816690416666
False,piano,96,67,77.236873,77.36132480416667
False,piano,96,69,77.368452,77.61790385416667
False,piano,96,67,77.63161,77.75606180416666
False,piano,96,69,77.763189,78.01264085416666
True,piano,96,40,77.763189,78.13764090416667
False,piano,96,67,78.026347,78.15079880416667
False,piano,96,69,78.157926,78.53237790416667
True,piano,96,47,78.157926,78.40737785416667
True,piano,96,52,78.157926,78.40737785416667
False,piano,96,64,78.552663,78.92711490416667
True,piano,96,28,78.9474,79.57185200416667
True,piano,96,40,78.9474,79.57185200416667
False,piano,96,71,79.342137,79.71658890416667
True,piano,96,40,79.605295,79.72974680416667
False,piano,96,69,79.736874,80.11132590416666
True,piano,96,47,79.736874,79.98632585416667
True,piano,96,52,79.736874,79.98632585416667
True,piano,96,40,80.131611,80.50606290416667
False,piano,96,67,80.394769,80.51922080416666
False,piano,96,69,80.526348,80.77579985416666
False,piano,96,67,80.789506,80.91395780416667
False,piano,96,69,80.921085,81.17053685416667
True,piano,96,40,80.921085,81.29553690416667
False,piano,96,67,81.184243,81.30869480416666
False,piano,96,71,81.315822,81.69027390416667
True,piano,96,47,81.315822,81.56527385416666
True,piano,96,52,81.315822,81.56527385416666
True,piano,96,40,81.710559,82.08501090416667
True,piano,96,28,82.105296,82.72974800416667
True,piano,96,40,82.105296,82.72974800416667
False,piano,96,71,82.500033,82.87448490416666
True,piano,96,40,82.763191,82.88764280416666
False,piano,96,69,82.89477,83.26922190416667
True,piano,96,47,82.89477,83.14422185416667
True,piano,96,52,82.89477,83.14422185416667
True,piano,96,40,83.289507,83.66395890416666
False,piano,96,67,83.552665,83.67711680416667
False,piano,96,69,83.684244,83.93369585416667
False,piano,96,67,83.947402,84.07185380416666
False,piano,96,69,84.078981,84.32843285416666
True,piano,96,40,84.078981,84.45343290416666
False,piano,96,67,84.342139,84.46659080416667
False,piano,96,69,84.473718,84.84816990416667
True,piano,96,47,84.473718,84.72316985416667
True,piano,96,52,84.473718,84.72316985416667
False,piano,96,64,84.868455,85.24290690416667
True,piano,96,40,84.868455,85.24290690416667
False,piano,96,76,85.263192,85.63764390416667
True,piano,96,28,85.263192,85.63764390416667
False,piano,96,71,85.657929,86.03238090416667
True,piano,96,31,85.657929,86.03238090416667
False,piano,96,72,86.052666,86.42711790416666
True,piano,96,33,86.052666,86.42711790416666
False,piano,96,71,86.447403,86.82185490416667
True,piano,96,35,86.447403,86.82185490416667
False,piano,96,69,86.84214,87.09159185416667
True,piano,96,33,86.84214,87.21659190416666
False,piano,96,71,87.105298,87.22974980416667
False,piano,96,69,87.236877,87.48632885416667
True,piano,96,31,87.236877,87.61132890416667
False,piano,96,67,87.500035,87.62448680416666
False,piano,96,64,87.631614,88.38106605416667
True,piano,96,30,87.631614,88.00606590416666
True,piano,96,26,88.026351,88.40080290416667
False,piano,80,71,88.421088,88.54553980416667
True,piano,80,40,88.421088,88.54553980416667
False,piano,80,71,88.552667,88.67711880416667
True,piano,80,47,88.552667,88.67711880416667
False,piano,80,71,88.684246,89.05869790416666
True,piano,80,52,88.684246,88.80869780416667
True,piano,80,40,88.815825,88.94027680416667
True,piano,80,47,88.947404,89.07185580416667
True,piano,80,52,89.078983,89.20343480416666
True,piano,80,40,89.210562,89.33501380416666
True,piano,80,47,89.342141,89.46659280416667
True,piano,80,52,89.47372,89.59817180416667
True,piano,80,40,89.605299,89.72975080416667
True,piano,80,47,89.736878,89.86132980416667
True,piano,80,52,89.868457,89.99290880416666
True,piano,80,40,90.000036,90.12448780416666
True,piano,80,47,90.131615,90.25606680416666
True,piano,80,52,90.263194,90.38764580416667
False,piano,80,71,90.394773,90.64422485416667
True,piano,80,40,90.394773,90.51922480416667
True,piano,80,47,90.526352,90.65080380416667
True,piano,80,52,90.657931,90.78238280416667
False,piano,80,71,90.78951,91.03896185416667
True,piano,80,40,90.78951,90.91396180416666
True,piano,80,47,90.921089,91.04554080416666
True,piano,80,52,91.052668,91.17711980416667
False,piano,80,76,91.184247,91.43369885416666
True,piano,80,40,91.184247,91.30869880416667
True,piano,80,47,91.315826,91.44027780416667
True,piano,80,52,91.447405,91.57185680416667
False,piano,80,71,91.578984,91.70343580416667
True,piano,80,40,91.578984,91.70343580416667
False,piano,80,71,91.710563,91.83501480416666
True,piano,80,47,91.710563,91.83501480416666
False,piano,80,71,91.842142,92.21659390416667
True,piano,80,52,91.842142,91.96659380416666
True,piano,80,40,91.973721,92.09817280416667
True,piano,80,47,92.1053,92.22975180416667
True,piano,80,52,92.236879,92.36133080416667
True,piano,80,40,92.368458,92.49290980416667
True,piano,80,47,92.500037,92.62448880416666
True,piano,80,52,92.631616,92.75606780416666
True,piano,80,40,92.763195,92.88764680416666
True,piano,80,47,92.894774,93.01922580416667
True,piano,80,52,93.026353,93.15080480416667
True,piano,80,40,93.157932,93.28238380416667
True,piano,80,47,93.289511,93.41396280416667
True,piano,80,52,93.42109,93.54554180416666
False,piano,80,71,93.552669,93.80212085416667
True,piano,80,40,93.552669,93.67712080416666
True,piano,80,47,93.684248,93.80869980416666
True,piano,80,52,93.815827,93.94027880416667
False,piano,80,71,93.947406,94.19685785416667
True,piano,80,40,93.947406,94.07185780416667
True,piano,80,47,94.078985,94.20343680416667
True,piano,80,52,94.210564,94.33501580416667
False,piano,80,76,94.34214300000001,94.59159485416667
True,piano,80,40,94.34214300000001,94.46659480416666
True,piano,80,47,94.473722,94.59817380416666
True,piano,80,52,94.605301,94.72975280416667
False,piano,80,71,94.73688,94.98633185416666
True,piano,80,40,94.73688,94.86133180416667
True,piano,80,47,94.868459,94.99291080416667
False,piano,80,71,95.000038,95.12448980416667
True,piano,80,52,95.000038,95.12448980416667
True,piano,80,40,95.131617,95.25606880416667
True,piano,80,47,95.263196,95.38764780416666
True,piano,80,52,95.394775,95.51922680416666
True,piano,80,40,95.526354,95.65080580416667
True,piano,80,47,95.657933,95.78238480416667
True,piano,80,52,95.789512,95.91396380416667
True,piano,80,40,95.921091,96.04554280416667
True,piano,80,47,96.05267,96.17712180416666
True,piano,80,52,96.184249,96.30870080416666
True,piano,80,40,96.315828,96.44027980416666
True,piano,80,47,96.447407,96.57185880416667
True,piano,80,52,96.578986,96.70343780416667
False,piano,80,71,96.710565,96.96001685416667
True,piano,80,40,96.710565,96.83501680416667
True,piano,80,47,96.842144,96.96659580416667
True,piano,80,52,96.973723,97.09817480416666
False,piano,80,71,97.105302,97.35475385416667
True,piano,80,40,97.105302,97.22975380416666
True,piano,80,47,97.236881,97.36133280416666
True,piano,80,52,97.36846,97.49291180416667
False,piano,80,76,97.500039,97.74949085416667
True,piano,80,40,97.500039,97.62449080416667
True,piano,80,47,97.631618,97.75606980416667
True,piano,80,52,97.763197,97.88764880416667
False,piano,80,71,97.89477600000001,98.01922780416666
True,piano,80,40,97.89477600000001,98.01922780416666
False,piano,80,71,98.026355,98.15080680416666
True,piano,80,47,98.026355,98.15080680416666
False,piano,80,71,98.157934,98.28238580416667
True,piano,80,52,98.157934,98.28238580416667
True,piano,80,40,98.289513,98.41396480416667
True,piano,80,47,98.421092,98.54554380416667
True,piano,80,52,98.552671,98.67712280416667
False,piano,80,71,98.68425,98.80870180416667
True,piano,80,40,98.68425,98.80870180416667
False,piano,80,71,98.815829,98.94028080416666
True,piano,80,47,98.815829,98.94028080416666
False,piano,80,71,98.947408,99.07185980416666
True,piano,80,52,98.947408,99.07185980416666
True,piano,80,40,99.078987,99.20343880416667
True,piano,80,47,99.210566,99.33501780416667
True,piano,80,52,99.342145,99.46659680416667
False,piano,80,71,99.473724,99.59817580416667
True,piano,80,40,99.473724,99.59817580416667
False,piano,80,71,99.605303,99.72975480416666
True,piano,80,47,99.605303,99.72975480416666
False,piano,80,71,99.736882,99.86133380416666
True,piano,80,52,99.736882,99.86133380416666
False,piano,80,71,99.868461,99.99291280416666
True,piano,80,40,99.868461,99.99291280416666
False,piano,80,71,100.00004,100.12449180416667
True,piano,80,47,100.00004,100.12449180416667
False,piano,80,71,100.131619,100.25607080416667
True,piano,80,52,100.131619,100.25607080416667
False,piano,80,71,100.263198,100.38764980416667
True,piano,80,40,100.263198,100.38764980416667
True,piano,80,47,100.394777,100.51922880416667
True,piano,80,52,100.526356,100.65080780416666
True,piano,80,40,100.657935,100.78238680416666
True,piano,80,47,100.789514,100.91396580416666
True,piano,80,52,100.921093,101.04554480416667
True,piano,80,40,101.052672,101.17712380416667
True,piano,80,47,101.184251,101.30870280416667
True,piano,80,52,101.31583,101.44028180416667
True,piano,80,40,101.447409,101.57186080416666
True,piano,80,47,101.578988,101.70343980416666
False,piano,80,74,101.710567,101.83501880416667
True,piano,80,52,101.710567,101.83501880416667
False,piano,80,76,101.842146,102.09159785416666
True,piano,80,40,101.842146,101.96659780416667
True,piano,80,47,101.973725,102.09817680416667
False,piano,80,74,102.105304,102.22975580416667
True,piano,80,52,102.105304,102.22975580416667
False,piano,80,74,102.236883,102.48633485416667
True,piano,80,40,102.236883,102.36133480416667
True,piano,80,47,102.368462,102.49291380416666
False,piano,80,71,102.500041,102.62449280416666
True,piano,80,52,102.500041,102.62449280416666
False,piano,80,71,102.63162,102.88107185416666
True,piano,80,40,102.63162,102.75607180416667
True,piano,80,47,102.763199,102.88765080416667
False,piano,80,69,102.894778,103.01922980416667
True,piano,80,52,102.894778,103.01922980416667
False,piano,80,69,103.026357,103.27580885416667
True,piano,80,40,103.026357,103.15080880416667
True,piano,80,47,103.157936,103.28238780416666
False,piano,80,67,103.289515,103.41396680416666
True,piano,80,52,103.289515,103.41396680416666
False,piano,80,69,103.421094,103.79554590416667
True,piano,80,40,103.421094,103.54554580416666
True,piano,80,47,103.552673,103.67712480416667
True,piano,80,52,103.684252,103.80870380416667
False,piano,80,69,103.815831,104.19028290416666
True,piano,80,40,103.815831,103.94028280416667
True,piano,80,47,103.94741,104.07186180416667
True,piano,80,52,104.078989,104.20344080416666
True,piano,80,38,104.210568,104.33501980416666
True,piano,80,45,104.342147,104.46659880416667
True,piano,80,50,104.473726,104.59817780416667
True,piano,80,38,104.605305,104.72975680416667
True,piano,80,45,104.736884,104.86133580416667
False,piano,80,74,104.868463,104.99291480416667
True,piano,80,50,104.868463,104.99291480416667
False,piano,80,76,105.000042,105.24949385416667
True,piano,80,38,105.000042,105.12449380416666
True,piano,80,45,105.131621,105.25607280416666
False,piano,80,74,105.2632,105.38765180416667
True,piano,80,50,105.2632,105.38765180416667
False,piano,80,74,105.394779,105.64423085416666
True,piano,80,38,105.394779,105.51923080416667
True,piano,80,45,105.526358,105.65080980416667
False,piano,80,71,105.657937,105.78238880416667
True,piano,80,50,105.657937,105.78238880416667
False,piano,80,71,105.789516,106.03896785416667
True,piano,80,38,105.789516,105.91396780416666
True,piano,80,45,105.921095,106.04554680416666
False,piano,80,69,106.052674,106.17712580416666
True,piano,80,50,106.052674,106.17712580416666
False,piano,80,69,106.184253,106.43370485416666
True,piano,80,38,106.184253,106.30870480416667
True,piano,80,45,106.315832,106.44028380416667
False,piano,80,67,106.447411,106.57186280416667
True,piano,80,50,106.447411,106.57186280416667
False,piano,80,74,106.57899,106.95344190416667
True,piano,80,38,106.57899,106.70344180416667
True,piano,80,45,106.710569,106.83502080416666
True,piano,80,50,106.842148,106.96659980416666
False,piano,80,67,106.973727,107.22317885416666
True,piano,80,38,106.973727,107.09817880416666
True,piano,80,45,107.105306,107.22975780416667
False,piano,80,69,107.236885,107.61133690416666
True,piano,80,50,107.236885,107.36133680416667
True,piano,80,36,107.368464,107.49291580416667
True,piano,80,43,107.500043,107.62449480416667
True,piano,80,48,107.63162200000001,107.75607380416666
True,piano,80,36,107.763201,107.88765280416666
True,piano,80,43,107.89478,108.01923180416667
False,piano,80,74,108.026359,108.15081080416667
True,piano,80,48,108.026359,108.15081080416667
False,piano,80,76,108.157938,108.40738985416667
True,piano,80,36,108.157938,108.28238980416667
True,piano,80,43,108.289517,108.41396880416667
False,piano,80,74,108.421096,108.54554780416667
True,piano,80,48,108.421096,108.54554780416667
False,piano,80,74,108.552675,108.80212685416667
True,piano,80,36,108.552675,108.67712680416666
True,piano,80,43,108.684254,108.80870580416666
False,piano,80,71,108.815833,108.94028480416667
True,piano,80,48,108.815833,108.94028480416667
False,piano,80,71,108.947412,109.19686385416666
True,piano,80,36,108.947412,109.07186380416667
True,piano,80,43,109.078991,109.20344280416667
False,piano,80,69,109.21057,109.33502180416667
True,piano,80,48,109.21057,109.33502180416667
False,piano,80,69,109.342149,109.59160085416667
True,piano,80,36,109.342149,109.46660080416666
True,piano,80,43,109.473728,109.59817980416666
False,piano,80,67,109.605307,109.72975880416666
True,piano,80,48,109.605307,109.72975880416666
False,piano,80,67,109.736886,109.98633785416666
True,piano,80,36,109.736886,109.86133780416667
True,piano,80,43,109.868465,109.99291680416667
False,piano,80,69,110.000044,110.24949585416667
True,piano,80,48,110.000044,110.12449580416667
True,piano,80,36,110.131623,110.25607480416667
False,piano,80,71,110.263202,110.51265385416667
True,piano,80,43,110.263202,110.38765380416666
True,piano,80,48,110.394781,110.51923280416666
False,piano,80,74,110.52636,110.77581185416666
True,piano,80,43,110.52636,110.65081180416666
True,piano,80,48,110.657939,110.78239080416667
False,piano,80,76,110.789518,111.03896985416667
True,piano,80,52,110.789518,110.91396980416667
True,piano,80,43,110.921097,111.04554880416667
False,piano,80,79,111.052676,111.48962792916667
True,piano,80,48,111.052676,111.17712780416667
True,piano,80,52,111.18425500000001,111.30870680416666
True,piano,80,48,111.315834,111.44028580416666
True,piano,80,52,111.447413,111.57186480416667
False,piano,80,76,111.5132025,111.70015432916666
True,piano,80,55,111.578992,111.70344380416667
False,piano,80,81,111.710571,112.71002315416666
True,piano,80,48,111.710571,111.83502280416667
True,piano,80,52,111.84215,111.96660180416667
True,piano,80,55,111.973729,112.09818080416667
True,piano,80,52,112.105308,112.22975980416666
True,piano,80,55,112.236887,112.36133880416666
True,piano,80,60,112.368466,112.49291780416667
True,piano,80,48,112.500045,112.62449680416667
True,piano,80,52,112.631624,112.75607580416667
False,piano,80,74,112.763203,112.88765480416667
True,piano,80,55,112.763203,112.88765480416667
False,piano,80,76,112.894782,113.14423385416667
True,piano,80,43,112.894782,113.01923380416666
True,piano,80,48,113.026361,113.15081280416666
False,piano,80,76,113.15794,113.40739185416666
True,piano,80,52,113.15794,113.28239180416666
True,piano,80,36,113.289519,113.41397080416667
False,piano,80,79,113.421098,113.67054985416667
True,piano,80,43,113.421098,113.54554980416667
True,piano,80,48,113.552677,113.67712880416667
False,piano,80,81,113.684256,114.05870790416667
True,piano,80,36,113.684256,114.05870790416667
True,piano,80,43,113.684256,114.05870790416667
True,piano,80,48,113.684256,114.05870790416667
True,piano,80,36,114.078993,114.45344490416667
True,piano,80,43,114.078993,114.45344490416667
True,piano,80,48,114.078993,114.45344490416667
False,piano,81,76,114.47373,114.72318185416667
True,piano,81,36,114.47373,114.84818190416667
True,piano,81,43,114.47373,114.84818190416667
True,piano,81,48,114.47373,114.84818190416667
False,piano,81,76,114.736888,114.98633985416667
True,piano,82,36,114.868467,115.24291890416667
True,piano,82,43,114.868467,115.24291890416667
True,piano,82,48,114.868467,115.24291890416667
False,piano,82,79,115.000046,115.24949785416666
False,piano,82,83,115.263204,115.63765590416666
True,piano,82,38,115.263204,115.63765590416666
True,piano,82,45,115.263204,115.63765590416666
True,piano,82,50,115.263204,115.63765590416666
True,piano,83,38,115.657941,116.03239290416667
True,piano,83,45,115.657941,116.03239290416667
True,piano,83,50,115.657941,116.03239290416667
False,piano,84,76,116.052678,116.30212985416667
True,piano,84,38,116.052678,116.42712990416666
True,piano,84,45,116.052678,116.42712990416666
True,piano,84,50,116.052678,116.42712990416666
False,piano,84,76,116.315836,116.56528785416667
True,piano,84,38,116.447415,116.82186690416667
True,piano,84,45,116.447415,116.82186690416667
True,piano,84,50,116.447415,116.82186690416667
False,piano,84,79,116.578994,116.82844585416667
False,piano,85,83,116.842152,117.09160385416666
True,piano,85,40,116.842152,117.21660390416666
True,piano,85,47,116.842152,117.21660390416666
True,piano,85,52,116.842152,117.21660390416666
False,piano,85,84,117.10531,117.35476185416667
True,piano,86,40,117.236889,117.61134090416667
True,piano,86,47,117.236889,117.61134090416667
True,piano,86,52,117.236889,117.61134090416667
False,piano,86,83,117.36846800000001,117.61791985416667
False,piano,86,81,117.631626,117.88107785416666
True,piano,86,40,117.631626,118.00607790416667
True,piano,86,47,117.631626,118.00607790416667
True,piano,86,52,117.631626,118.00607790416667
False,piano,87,79,117.894784,118.14423585416667
True,piano,87,42,118.026363,118.40081490416667
True,piano,87,54,118.026363,118.40081490416667
False,piano,87,79,118.157942,118.40739385416667
False,piano,88,81,118.4211,118.67055185416666
True,piano,88,43,118.4211,118.79555190416667
True,piano,88,50,118.4211,118.79555190416667
True,piano,88,55,118.4211,118.79555190416667
False,piano,88,81,118.684258,118.93370985416666
True,piano,88,43,118.815837,119.19028890416666
True,piano,88,50,118.815837,119.19028890416666
True,piano,88,55,118.815837,119.19028890416666
False,piano,88,79,118.947416,119.19686785416667
False,piano,89,79,119.210574,119.46002585416667
True,piano,89,35,119.210574,119.58502590416667
True,piano,89,47,119.210574,119.58502590416667
False,piano,89,81,119.473732,119.72318385416666
True,piano,90,35,119.605311,119.97976290416666
True,piano,90,47,119.605311,119.97976290416666
False,piano,90,83,119.73689,119.98634185416667
False,piano,90,83,120.000048,120.49949995416667
True,piano,90,48,120.000048,120.37449990416667
True,piano,90,55,120.000048,120.37449990416667
True,piano,90,60,120.000048,120.37449990416667
True,piano,91,48,120.394785,120.76923690416666
True,piano,91,55,120.394785,120.76923690416666
True,piano,91,60,120.394785,120.76923690416666
False,piano,91,81,120.526364,120.65081580416667
False,piano,91,83,120.657943,120.78239480416667
False,piano,92,81,120.789522,121.28897395416666
True,piano,92,48,120.789522,121.16397390416667
True,piano,92,55,120.789522,121.16397390416667
True,piano,92,60,120.789522,121.16397390416667
True,piano,92,48,121.184259,121.55871090416667
True,piano,92,55,121.184259,121.55871090416667
True,piano,92,60,121.184259,121.55871090416667
False,piano,92,79,121.315838,121.44028980416667
False,piano,93,81,121.447417,121.57186880416667
False,piano,93,79,121.578996,122.07844795416666
True,piano,93,50,121.578996,121.95344790416667
True,piano,93,57,121.578996,121.95344790416667
True,piano,93,62,121.578996,121.95344790416667
True,piano,94,50,121.973733,122.34818490416667
True,piano,94,57,121.973733,122.34818490416667
True,piano,94,62,121.973733,122.34818490416667
False,piano,94,78,122.105312,122.22976380416667
False,piano,94,79,122.236891,122.36134280416667
False,piano,94,78,122.36847,123.11792205416667
True,piano,94,50,122.36847,122.74292190416666
True,piano,94,57,122.36847,122.74292190416666
True,piano,94,62,122.36847,122.74292190416666
True,piano,95,50,122.763207,123.13765890416667
True,piano,95,57,122.763207,123.13765890416667
True,piano,95,62,122.763207,123.13765890416667
False,piano,96,76,123.157944,123.53239590416666
True,piano,96,40,123.157944,123.53239590416666
False,piano,96,71,123.552681,123.92713290416667
True,piano,96,35,123.552681,123.92713290416667
False,piano,96,72,123.947418,124.32186990416666
True,piano,96,36,123.947418,124.32186990416666
False,piano,96,71,124.342155,124.71660690416667
True,piano,96,35,124.342155,124.71660690416667
False,piano,96,69,124.736892,124.98634385416666
True,piano,96,33,124.736892,124.98634385416666
False,piano,96,71,125.00005,125.12450180416667
True,piano,96,35,125.00005,125.12450180416667
False,piano,96,69,125.131629,125.38108085416667
True,piano,96,33,125.131629,125.38108085416667
False,piano,96,67,125.394787,125.51923880416666
True,piano,96,31,125.394787,125.51923880416666
False,piano,96,64,125.526366,126.27581805416666
True,piano,96,28,125.526366,126.27581805416666
True,piano,96,28,126.31584,126.94029200416666
True,piano,96,40,126.31584,126.94029200416666
False,piano,96,71,126.710577,126.96002885416667
False,piano,96,69,126.973735,127.09818680416667
True,piano,96,40,126.973735,127.09818680416667
True,piano,96,47,127.105314,127.35476585416667
True,piano,96,52,127.105314,127.35476585416667
False,piano,96,67,127.500051,127.74950285416666
True,piano,96,40,127.500051,127.87450290416666
False,piano,96,66,127.763209,127.88766080416667
False,piano,96,67,128.289525,128.53897685416666
True,piano,96,40,128.289525,128.66397690416667
False,piano,96,66,128.552683,128.67713480416666
False,piano,96,67,128.684262,128.93371385416665
True,piano,96,47,128.684262,128.93371385416665
True,piano,96,52,128.684262,128.93371385416665
False,piano,96,66,128.94742,129.07187180416668
False,piano,96,64,129.078999,129.45345090416666
True,piano,96,28,129.473736,130.09818800416667
True,piano,96,40,129.473736,130.09818800416667
False,piano,96,71,129.868473,130.11792485416666
False,piano,96,69,130.131631,130.25608280416668
True,piano,96,40,130.131631,130.25608280416668
True,piano,96,47,130.26321,130.51266185416668
True,piano,96,52,130.26321,130.51266185416668
False,piano,96,67,130.657947,130.90739885416667
True,piano,96,40,130.657947,131.03239890416666
False,piano,96,66,130.921105,131.04555680416667
False,piano,96,67,131.447421,131.69687285416666
True,piano,96,40,131.447421,131.82187290416667
False,piano,96,66,131.710579,131.83503080416668
False,piano,96,67,131.842158,132.09160985416668
True,piano,96,47,131.842158,132.09160985416668
True,piano,96,52,131.842158,132.09160985416668
False,piano,96,69,132.105316,132.22976780416667
False,piano,96,71,132.236895,132.61134690416668
True,piano,96,40,132.236895,132.61134690416668
True,piano,96,28,132.631632,133.25608400416667
True,piano,96,40,132.631632,133.25608400416667
False,piano,96,71,133.026369,133.27582085416665
False,piano,96,69,133.289527,133.41397880416667
True,piano,96,40,133.289527,133.41397880416667
True,piano,96,47,133.421106,133.67055785416667
True,piano,96,52,133.421106,133.67055785416667
False,piano,96,67,133.815843,134.06529485416667
True,piano,96,40,133.815843,134.19029490416668
False,piano,96,66,134.079001,134.20345280416666
False,piano,96,67,134.605317,134.85476885416668
True,piano,96,40,134.605317,134.97976890416666
False,piano,96,66,134.868475,134.99292680416667
False,piano,96,67,135.000054,135.24950585416667
True,piano,96,47,135.000054,135.24950585416667
True,piano,96,52,135.000054,135.24950585416667
False,piano,96,66,135.263212,135.38766380416666
False,piano,96,64,135.394791,135.76924290416667
False,piano,96,76,135.789528,136.16397990416667
True,piano,96,28,135.789528,136.16397990416667
False,piano,96,71,136.184265,136.55871690416666
True,piano,96,31,136.184265,136.55871690416666
False,piano,96,72,136.579002,136.95345390416668
True,piano,96,33,136.579002,136.95345390416668
False,piano,96,71,136.973739,137.34819090416667
True,piano,96,35,136.973739,137.34819090416667
False,piano,96,69,137.368476,137.61792785416668
True,piano,96,33,137.368476,137.74292790416666
False,piano,96,71,137.631634,137.75608580416667
False,piano,96,69,137.763213,138.01266485416667
True,piano,96,31,137.763213,138.13766490416666
False,piano,96,67,138.026371,138.15082280416667
False,piano,96,64,138.15795,138.90740205416668
True,piano,96,30,138.15795,138.53240190416668
True,piano,96,26,138.552687,138.92713890416667
True,piano,96,28,138.947424,139.57187600416665
True,piano,96,40,138.947424,139.57187600416665
False,piano,96,71,139.342161,139.71661290416668
True,piano,96,40,139.605319,139.72977080416666
False,piano,96,69,139.736898,140.11134990416667
True,piano,96,47,139.736898,139.98634985416666
True,piano,96,52,139.736898,139.98634985416666
True,piano,96,40,140.131635,140.50608690416666
False,piano,96,67,140.394793,140.51924480416668
False,piano,96,69,140.526372,140.77582385416667
False,piano,96,67,140.78953,140.91398180416667
False,piano,96,69,140.921109,141.17056085416667
True,piano,96,40,140.921109,141.29556090416668
False,piano,96,67,141.184267,141.30871880416666
False,piano,96,69,141.315846,141.69029790416667
True,piano,96,47,141.315846,141.56529785416666
True,piano,96,52,141.315846,141.56529785416666
False,piano,96,64,141.710583,142.08503490416666
True,piano,96,28,142.10532,142.72977200416668
True,piano,96,40,142.10532,142.72977200416668
False,piano,96,71,142.500057,142.87450890416667
True,piano,96,40,142.763215,142.88766680416666
False,piano,96,69,142.894794,143.26924590416667
True,piano,96,47,142.894794,143.14424585416666
True,piano,96,52,142.894794,143.14424585416666
True,piano,96,40,143.289531,143.66398290416666
False,piano,96,67,143.552689,143.67714080416667
False,piano,96,69,143.684268,143.93371985416667
False,piano,96,67,143.947426,144.07187780416666
False,piano,96,69,144.079005,144.32845685416666
True,piano,96,40,144.079005,144.45345690416667
False,piano,96,67,144.342163,144.46661480416665
False,piano,96,71,144.473742,144.84819390416666
True,piano,96,47,144.473742,144.72319385416668
True,piano,96,52,144.473742,144.72319385416668
True,piano,96,40,144.868479,145.24293090416666
True,piano,96,28,145.263216,145.88766800416667
True,piano,96,40,145.263216,145.88766800416667
False,piano,96,71,145.657953,146.03240490416667
True,piano,96,40,145.921111,146.04556280416668
False,piano,96,69,146.05269,146.42714190416666
True,piano,96,47,146.05269,146.30214185416668
True,piano,96,52,146.05269,146.30214185416668
True,piano,96,40,146.447427,146.82187890416668
False,piano,96,67,146.710585,146.83503680416666
False,piano,96,69,146.842164,147.09161585416666
False,piano,96,67,147.105322,147.22977380416665
False,piano,96,69,147.236901,147.48635285416665
True,piano,96,40,147.236901,147.61135290416667
False,piano,96,67,147.500059,147.62451080416668
False,piano,96,69,147.631638,148.00608990416666
True,piano,96,47,147.631638,147.88108985416667
True,piano,96,52,147.631638,147.88108985416667
False,piano,96,64,148.026375,148.40082690416668
True,piano,96,40,148.026375,148.40082690416668
False,piano,96,76,148.421112,148.79556390416667
True,piano,96,28,148.421112,148.79556390416667
False,piano,96,71,148.81584900000001,149.19030090416666
True,piano,96,31,148.81584900000001,149.19030090416666
False,piano,96,72,149.210586,149.58503790416665
True,piano,96,33,149.210586,149.58503790416665
False,piano,96,71,149.605323,149.97977490416667
True,piano,96,35,149.605323,149.97977490416667
False,piano,96,69,150.00006,150.24951185416666
True,piano,96,33,150.00006,150.37451190416667
False,piano,96,71,150.263218,150.38766980416668
False,piano,96,69,150.394797,150.64424885416668
True,piano,96,31,150.394797,150.76924890416666
False,piano,96,67,150.657955,150.78240680416667
False,piano,96,64,150.789534,151.53898605416666
True,piano,96,30,150.789534,151.16398590416668
True,piano,96,26,151.184271,151.55872290416667
False,piano,80,76,151.579008,151.70345980416667
True,piano,80,52,151.579008,151.70345980416667
False,piano,80,71,151.9079555,152.15740735416668
False,piano,80,76,152.1711135,152.26924950416668
False,piano,80,76,152.368482,152.49293380416665
True,piano,80,52,152.368482,152.49293380416665
False,piano,80,71,152.5658505,152.62780227916667
False,piano,80,71,152.763219,152.82517077916665
False,piano,80,71,152.8290085,152.89096027916668
False,piano,80,71,153.026377,153.15082880416668
False,piano,80,76,153.157956,153.28240780416667
True,piano,80,52,153.157956,153.28240780416667
False,piano,80,71,153.4869035,153.73635535416668
False,piano,80,76,153.7500615,153.84819750416668
False,piano,80,76,153.94743,154.07188180416668
True,piano,80,52,153.94743,154.07188180416668
False,piano,80,71,154.1447985,154.20675027916667
False,piano,80,71,154.342167,154.40411877916668
False,piano,80,71,154.4079565,154.46990827916667
False,piano,80,71,154.605325,154.72977680416668
False,piano,80,76,154.736904,154.86135580416666
True,piano,80,52,154.736904,154.86135580416666
False,piano,80,71,155.0658515,155.31530335416667
False,piano,80,76,155.3290095,155.42714550416667
False,piano,80,76,155.526378,155.65082980416668
True,piano,80,52,155.526378,155.65082980416668
False,piano,80,71,155.7237465,155.78569827916667
False,piano,80,71,155.92111500000001,155.98306677916668
False,piano,80,71,155.9869045,156.04885627916667
False,piano,80,71,156.184273,156.30872480416667
True,piano,80,52,156.315852,156.44030380416666
False,piano,80,71,156.9079575,157.09490932916665
False,piano,80,71,157.105326,157.29227782916666
True,piano,80,52,157.105326,157.22977780416667
False,piano,80,71,157.3026945,157.48964632916667
False,piano,80,71,157.500063,157.68701482916666
False,piano,80,71,157.6974315,157.88438332916667
False,piano,80,76,157.8948,158.14425185416667
True,piano,80,52,157.8948,158.01925180416666
False,piano,80,71,158.4869055,158.67385732916668
False,piano,80,71,158.684274,158.87122582916666
True,piano,80,52,158.684274,158.80872580416667
False,piano,80,71,158.8816425,159.06859432916667
False,piano,80,71,159.079011,159.26596282916665
False,piano,80,71,159.2763795,159.46333132916666
False,piano,80,64,159.473748,159.72319985416667
True,piano,80,52,159.473748,159.59819980416665
False,piano,80,71,160.0658535,160.25280532916668
False,piano,80,71,160.263222,160.45017382916666
True,piano,80,52,160.263222,160.38767380416667
False,piano,80,71,160.4605905,160.64754232916667
False,piano,80,71,160.657959,160.84491082916668
False,piano,80,71,160.8553275,161.04227932916666
False,piano,80,76,161.052696,161.30214785416666
True,piano,80,52,161.052696,161.17714780416668
False,piano,80,71,161.6448015,161.83175332916667
False,piano,80,71,161.84217,162.02912182916666
True,piano,80,52,161.84217,161.96662180416666
False,piano,80,71,162.0395385,162.22649032916667
False,piano,80,71,162.236907,162.42385882916668
False,piano,80,71,162.4342755,162.62122732916666
False,piano,80,76,162.631644,163.13109595416665
True,piano,80,52,162.631644,162.75609580416668
True,piano,84,52,163.026381,163.15083280416667
False,piano,85,74,163.15796,163.28241180416666
False,piano,86,76,163.289539,163.41399080416667
False,piano,88,79,163.421118,163.92056995416667
True,piano,88,52,163.421118,163.54556980416666
True,piano,92,52,163.815855,163.94030680416668
False,piano,93,76,163.947434,164.07188580416667
False,piano,94,79,164.079013,164.20346480416666
False,piano,96,76,164.210592,164.58504390416667
False,piano,96,83,164.210592,164.58504390416667
True,piano,96,40,164.210592,164.58504390416667
False,piano,96,71,164.605329,164.97978090416666
True,piano,96,35,164.605329,164.97978090416666
False,piano,96,72,165.000066,165.37451790416668
True,piano,96,36,165.000066,165.37451790416668
False,piano,96,71,165.394803,165.76925490416667
True,piano,96,35,165.394803,165.76925490416667
False,piano,96,69,165.78954,166.03899185416665
True,piano,96,33,165.78954,166.03899185416665
False,piano,96,71,166.052698,166.17714980416667
True,piano,96,35,166.052698,166.17714980416667
False,piano,96,69,166.184277,166.43372885416667
True,piano,96,33,166.184277,166.43372885416667
False,piano,96,67,166.447435,166.57188680416667
True,piano,96,31,166.447435,166.57188680416667
False,piano,96,64,166.579014,167.32846605416665
True,piano,96,28,166.579014,167.32846605416665
True,piano,80,40,167.368488,167.49293980416667
True,piano,80,47,167.500067,167.62451880416666
True,piano,80,52,167.631646,167.75609780416667
True,piano,80,40,167.763225,167.88767680416666
True,piano,80,47,167.894804,168.01925580416668
True,piano,80,52,168.026383,168.15083480416666
True,piano,80,40,168.157962,168.28241380416668
True,piano,80,47,168.289541,168.41399280416667
True,piano,80,52,168.42112,168.54557180416666
True,piano,80,40,168.552699,168.67715080416667
True,piano,80,47,168.684278,168.80872980416666
True,piano,80,52,168.815857,168.94030880416668
True,piano,80,40,168.947436,169.07188780416666
True,piano,80,47,169.079015,169.20346680416668
True,piano,80,52,169.21059400000001,169.33504580416667
True,piano,80,40,169.342173,169.46662480416666
True,piano,80,47,169.473752,169.59820380416667
True,piano,80,52,169.605331,169.72978280416666
True,piano,80,40,169.73691,169.86136180416668
True,piano,80,47,169.868489,169.99294080416666
True,piano,80,52,170.000068,170.12451980416668
True,piano,80,40,170.131647,170.25609880416667
True,piano,80,47,170.263226,170.38767780416666
True,piano,80,52,170.394805,170.51925680416667
True,piano,80,40,170.526384,170.65083580416666
True,piano,80,47,170.657963,170.78241480416668
True,piano,81,52,170.789542,170.91399380416667
True,piano,82,40,170.921121,171.04557280416665
True,piano,82,47,171.0527,171.17715180416667
True,piano,83,52,171.184279,171.30873080416666
True,piano,84,40,171.315858,171.44030980416667
True,piano,84,47,171.447437,171.57188880416666
True,piano,85,52,171.579016,171.70346780416668
True,piano,86,40,171.710595,171.83504680416667
True,piano,86,47,171.842174,171.96662580416665
True,piano,87,52,171.973753,172.09820480416667
True,piano,88,40,172.105332,172.22978380416666
True,piano,88,47,172.236911,172.36136280416667
True,piano,89,52,172.36849,172.49294180416666
True,piano,90,40,172.500069,172.62452080416668
True,piano,90,47,172.631648,172.75609980416667
True,piano,91,52,172.763227,172.88767880416665
True,piano,92,40,172.894806,173.01925780416667
True,piano,92,47,173.026385,173.15083680416666
True,piano,93,52,173.157964,173.28241580416667
True,piano,94,40,173.289543,173.41399480416666
True,piano,94,47,173.421122,173.54557380416668
True,piano,95,52,173.552701,173.67715280416667
True,piano,96,40,173.68428,173.80873180416665
True,piano,96,47,173.815859,173.94031080416667
True,piano,96,52,173.947438,174.07188980416666
True,piano,96,40,174.079017,174.20346880416668
True,piano,96,47,174.210596,174.33504780416666
True,piano,96,52,174.342175,174.46662680416668
True,piano,96,40,174.473754,174.59820580416667
True,piano,96,47,174.605333,174.72978480416666
True,piano,96,52,174.736912,174.86136380416667
True,piano,96,40,174.868491,174.99294280416666
True,piano,96,47,175.00007,175.12452180416668
True,piano,96,52,175.131649,175.25610080416666
True,piano,96,40,175.263228,175.38767980416668
True,piano,96,47,175.39480700000001,175.51925880416667
True,piano,96,52,175.526386,175.65083780416666
True,piano,96,40,175.657965,175.78241680416667
True,piano,96,47,175.789544,175.91399580416666
True,piano,96,52,175.921123,176.04557480416668
True,piano,96,40,176.052702,176.17715380416666
True,piano,96,47,176.184281,176.30873280416668
True,piano,96,52,176.31586,176.44031180416667
True,piano,96,40,176.447439,176.57189080416666
True,piano,96,47,176.579018,176.70346980416667
True,piano,96,52,176.710597,176.83504880416666
False,piano,96,76,176.842176,177.21662790416667
True,piano,96,40,176.842176,176.96662780416668
True,piano,96,47,176.973755,177.09820680416667
True,piano,96,52,177.105334,177.22978580416668
False,piano,96,71,177.236913,177.61136490416666
True,piano,96,40,177.236913,177.36136480416667
True,piano,96,47,177.368492,177.49294380416666
True,piano,96,52,177.500071,177.62452280416667
False,piano,96,72,177.63165,178.00610190416666
True,piano,96,40,177.63165,177.75610180416666
True,piano,96,47,177.763229,177.88768080416668
True,piano,96,52,177.894808,178.01925980416667
False,piano,96,71,178.026387,178.40083890416668
True,piano,96,40,178.026387,178.15083880416665
True,piano,96,47,178.157966,178.28241780416667
True,piano,96,52,178.289545,178.41399680416666
False,piano,96,69,178.421124,178.67057585416666
True,piano,96,40,178.421124,178.54557580416667
True,piano,96,47,178.552703,178.67715480416666
False,piano,96,71,178.684282,178.80873380416668
True,piano,96,52,178.684282,178.80873380416668
False,piano,96,69,178.815861,179.06531285416668
True,piano,96,40,178.815861,178.94031280416667
True,piano,96,47,178.94744,179.07189180416665
False,piano,96,67,179.079019,179.20347080416667
True,piano,96,52,179.079019,179.20347080416667
False,piano,96,64,179.210598,179.58504990416668
True,piano,96,40,179.210598,179.33504980416666
True,piano,96,47,179.342177,179.46662880416667
True,piano,96,52,179.473756,179.59820780416666
True,piano,96,40,179.605335,179.72978680416668
True,piano,96,47,179.736914,179.86136580416667
True,piano,96,52,179.868493,179.99294480416665
True,piano,96,40,180.000072,180.12452380416667
True,piano,96,47,180.131651,180.25610280416666
True,piano,96,52,180.26323,180.38768180416668
False,piano,96,71,180.394809,180.76926090416666
True,piano,96,40,180.394809,180.51926080416666
True,piano,96,47,180.526388,180.65083980416668
True,piano,96,52,180.657967,180.78241880416667
False,piano,96,69,180.789546,181.16399790416668
True,piano,96,40,180.789546,180.91399780416666
True,piano,96,47,180.921125,181.04557680416667
True,piano,96,52,181.052704,181.17715580416666
True,piano,96,40,181.184283,181.30873480416668
True,piano,96,47,181.315862,181.44031380416666
False,piano,96,67,181.447441,181.57189280416668
True,piano,96,52,181.447441,181.57189280416668
False,piano,96,69,181.57902,181.82847185416668
True,piano,96,40,181.57902,181.70347180416667
True,piano,96,47,181.710599,181.83505080416666
False,piano,96,67,181.842178,181.96662980416667
True,piano,96,52,181.842178,181.96662980416667
False,piano,96,69,181.973757,182.22320885416667
True,piano,96,40,181.973757,182.09820880416666
True,piano,96,47,182.105336,182.22978780416668
False,piano,96,67,182.236915,182.36136680416666
True,piano,96,52,182.236915,182.36136680416666
False,piano,96,69,182.368494,182.74294590416667
True,piano,96,40,182.368494,182.49294580416668
True,piano,96,47,182.50007300000001,182.62452480416667
True,piano,96,52,182.631652,182.75610380416666
False,piano,96,64,182.763231,183.13768290416667
True,piano,96,40,182.763231,182.88768280416667
True,piano,96,47,182.89481,183.01926180416666
True,piano,96,52,183.026389,183.15084080416668
True,piano,96,40,183.157968,183.28241980416666
True,piano,96,47,183.289547,183.41399880416668
True,piano,96,52,183.421126,183.54557780416667
False,piano,96,71,183.552705,183.92715690416668
True,piano,96,40,183.552705,183.67715680416666
True,piano,96,47,183.684284,183.80873580416667
True,piano,96,52,183.815863,183.94031480416666
False,piano,96,69,183.947442,184.32189390416667
True,piano,96,40,183.947442,184.07189380416668
True,piano,96,47,184.079021,184.20347280416667
True,piano,96,52,184.2106,184.33505180416665
True,piano,96,40,184.342179,184.46663080416667
True,piano,96,47,184.473758,184.59820980416666
False,piano,96,67,184.605337,184.72978880416667
True,piano,96,52,184.605337,184.72978880416667
False,piano,96,69,184.736916,184.98636785416667
True,piano,96,40,184.736916,184.86136780416666
True,piano,96,47,184.868495,184.99294680416668
False,piano,96,67,185.000074,185.12452580416667
True,piano,96,52,185.000074,185.12452580416667
False,piano,96,69,185.131653,185.38110485416667
True,piano,96,40,185.131653,185.25610480416665
True,piano,96,47,185.263232,185.38768380416667
False,piano,96,67,185.394811,185.51926280416666
True,piano,96,52,185.394811,185.51926280416666
False,piano,96,71,185.52639,185.90084190416667
True,piano,96,40,185.52639,185.65084180416667
True,piano,96,47,185.657969,185.78242080416666
True,piano,96,52,185.789548,185.91399980416668
True,piano,96,40,185.921127,186.04557880416667
True,piano,96,47,186.052706,186.17715780416665
True,piano,96,52,186.184285,186.30873680416667
True,piano,96,40,186.315864,186.44031580416666
True,piano,96,47,186.447443,186.57189480416667
True,piano,96,52,186.579022,186.70347380416666
False,piano,96,71,186.710601,187.08505290416667
True,piano,96,40,186.710601,186.83505280416668
True,piano,96,47,186.84218,186.96663180416667
True,piano,96,52,186.973759,187.09821080416665
False,piano,96,69,187.105338,187.47978990416667
True,piano,96,40,187.105338,187.22978980416667
True,piano,96,47,187.236917,187.36136880416666
True,piano,96,52,187.368496,187.49294780416668
True,piano,96,40,187.500075,187.62452680416666
True,piano,96,47,187.631654,187.75610580416668
False,piano,96,67,187.763233,187.88768480416667
True,piano,96,52,187.763233,187.88768480416667
False,piano,96,69,187.894812,188.14426385416667
True,piano,96,40,187.894812,188.01926380416666
True,piano,96,47,188.026391,188.15084280416667
False,piano,96,67,188.15797,188.28242180416666
True,piano,96,52,188.15797,188.28242180416666
False,piano,96,69,188.289549,188.53900085416666
True,piano,96,40,188.289549,188.41400080416668
True,piano,96,47,188.421128,188.54557980416666
False,piano,96,67,188.552707,188.67715880416668
True,piano,96,52,188.552707,188.67715880416668
False,piano,96,69,188.68428600000001,189.05873790416666
True,piano,96,40,188.68428600000001,188.80873780416667
True,piano,96,47,188.815865,188.94031680416666
True,piano,96,52,188.947444,189.07189580416667
False,piano,96,64,189.079023,189.45347490416665
True,piano,96,40,189.079023,189.20347480416666
True,piano,96,47,189.210602,189.33505380416668
True,piano,96,52,189.342181,189.46663280416666
False,piano,96,76,189.47376,189.84821190416667
True,piano,96,40,189.47376,189.59821180416668
True,piano,96,47,189.605339,189.72979080416667
True,piano,96,52,189.736918,189.86136980416666
False,piano,96,71,189.868497,190.24294890416667
True,piano,96,40,189.868497,189.99294880416667
True,piano,96,47,190.000076,190.12452780416666
True,piano,96,52,190.131655,190.25610680416668
False,piano,96,72,190.263234,190.63768590416666
True,piano,96,40,190.263234,190.38768580416667
True,piano,96,47,190.394813,190.51926480416668
True,piano,96,52,190.526392,190.65084380416667
False,piano,96,71,190.657971,191.03242290416668
True,piano,96,40,190.657971,190.78242280416666
True,piano,96,47,190.78955,190.91400180416667
True,piano,96,52,190.921129,191.04558080416666
False,piano,96,69,191.052708,191.30215985416666
True,piano,96,40,191.052708,191.17715980416668
True,piano,96,47,191.184287,191.30873880416667
False,piano,96,71,191.315866,191.44031780416665
True,piano,96,52,191.315866,191.44031780416665
False,piano,96,69,191.447445,191.69689685416668
True,piano,96,40,191.447445,191.57189680416667
True,piano,96,47,191.579024,191.70347580416666
False,piano,96,67,191.710603,191.83505480416667
True,piano,96,52,191.710603,191.83505480416667
False,piano,96,64,191.842182,192.21663390416666
True,piano,96,40,191.842182,191.96663380416666
True,piano,96,47,191.973761,192.09821280416668
True,piano,96,52,192.10534,192.22979180416667
True,piano,96,40,192.236919,192.36137080416665
True,piano,96,47,192.368498,192.49294980416667
True,piano,96,52,192.500077,192.62452880416666
False,piano,96,64,192.631656,193.00610790416667
True,piano,96,40,192.631656,193.00610790416667
False,piano,96,59,193.026393,193.40084490416666
True,piano,96,35,193.026393,193.40084490416666
False,piano,96,60,193.42113,193.79558190416668
True,piano,96,36,193.42113,193.79558190416668
False,piano,96,59,193.815867,194.19031890416667
True,piano,96,35,193.815867,194.19031890416667
False,piano,96,57,194.210604,194.46005585416665
True,piano,96,33,194.210604,194.46005585416665
False,piano,96,59,194.473762,194.59821380416668
True,piano,96,35,194.473762,194.59821380416668
False,piano,96,57,194.605341,194.85479285416667
True,piano,96,33,194.605341,194.85479285416667
False,piano,96,55,194.868499,194.99295080416667
True,piano,96,31,194.868499,194.99295080416667
False,piano,96,52,195.000078,195.74953005416666
True,piano,96,28,195.000078,195.74953005416666
